Date,Count
2009-01-01,114
2009-01-02,141
2009-01-03,115
2009-01-04,109
2009-01-05,136
2009-01-06,140
2009-01-07,119
2009-01-08,104
2009-01-09,124
2009-01-10,126
2009-01-11,91
2009-01-12,114
2009-01-13,119
2009-01-14,110
2009-01-15,104
2009-01-16,99
2009-01-17,98
2009-01-18,127
2009-01-19,97
2009-01-20,99
2009-01-21,110
2009-01-22,109
2009-01-23,120
2009-01-24,104
2009-01-25,97
2009-01-26,145
2009-01-27,124
2009-01-28,95
2009-01-29,115
2009-01-30,109
2009-01-31,97
2009-02-01,102
2009-02-02,103
2009-02-03,106
2009-02-04,83
2009-02-05,106
2009-02-06,114
2009-02-07,89
2009-02-08,81
2009-02-09,115
2009-02-10,94
2009-02-11,105
2009-02-12,91
2009-02-13,101
2009-02-14,72
2009-02-15,73
2009-02-16,82
2009-02-17,92
2009-02-18,108
2009-02-19,96
2009-02-20,84
2009-02-21,93
2009-02-22,90
2009-02-23,83
2009-02-24,99
2009-02-25,105
2009-02-26,103
2009-02-27,99
2009-02-28,75
2009-03-01,57
2009-03-02,106
2009-03-03,94
2009-03-04,80
2009-03-05,93
2009-03-06,102
2009-03-07,87
2009-03-08,80
2009-03-09,108
2009-03-10,99
2009-03-11,95
2009-03-12,95
2009-03-13,102
2009-03-14,93
2009-03-15,74
2009-03-16,108
2009-03-17,102
2009-03-18,107
2009-03-19,107
2009-03-20,111
2009-03-21,84
2009-03-22,97
2009-03-23,119
2009-03-24,110
2009-03-25,128
2009-03-26,108
2009-03-27,88
2009-03-28,84
2009-03-29,97
2009-03-30,112
2009-03-31,105
2009-04-01,104
2009-04-02,116
2009-04-03,130
2009-04-04,119
2009-04-05,76
2009-04-06,90
2009-04-07,104
2009-04-08,107
2009-04-09,94
2009-04-10,104
2009-04-11,90
2009-04-12,66
2009-04-13,100
2009-04-14,90
2009-04-15,96
2009-04-16,105
2009-04-17,104
2009-04-18,110
2009-04-19,99
2009-04-20,126
2009-04-21,99
2009-04-22,99
2009-04-23,116
2009-04-24,106
2009-04-25,102
2009-04-26,83
2009-04-27,102
2009-04-28,101
2009-04-29,123
2009-04-30,114
2009-05-01,114
2009-05-02,101
2009-05-03,90
2009-05-04,108
2009-05-05,117
2009-05-06,112
2009-05-07,122
2009-05-08,115
2009-05-09,83
2009-05-10,123
2009-05-11,109
2009-05-12,110
2009-05-13,86
2009-05-14,108
2009-05-15,94
2009-05-16,98
2009-05-17,85
2009-05-18,122
2009-05-19,111
2009-05-20,110
2009-05-21,107
2009-05-22,113
2009-05-23,114
2009-05-24,89
2009-05-25,114
2009-05-26,142
2009-05-27,110
2009-05-28,116
2009-05-29,103
2009-05-30,123
2009-05-31,101
2009-06-01,154
2009-06-02,147
2009-06-03,133
2009-06-04,139
2009-06-05,116
2009-06-06,116
2009-06-07,122
2009-06-08,152
2009-06-09,145
2009-06-10,122
2009-06-11,131
2009-06-12,106
2009-06-13,112
2009-06-14,88
2009-06-15,109
2009-06-16,137
2009-06-17,137
2009-06-18,124
2009-06-19,113
2009-06-20,110
2009-06-21,104
2009-06-22,110
2009-06-23,135
2009-06-24,147
2009-06-25,125
2009-06-26,119
2009-06-27,105
2009-06-28,106
2009-06-29,150
2009-06-30,125
2009-07-01,114
2009-07-02,108
2009-07-03,120
2009-07-04,89
2009-07-05,111
2009-07-06,104
2009-07-07,123
2009-07-08,102
2009-07-09,101
2009-07-10,121
2009-07-11,104
2009-07-12,100
2009-07-13,121
2009-07-14,153
2009-07-15,128
2009-07-16,117
2009-07-17,97
2009-07-18,105
2009-07-19,103
2009-07-20,130
2009-07-21,118
2009-07-22,121
2009-07-23,104
2009-07-24,139
2009-07-25,120
2009-07-26,104
2009-07-27,153
2009-07-28,114
2009-07-29,129
2009-07-30,116
2009-07-31,125
2009-08-01,109
2009-08-02,107
2009-08-03,126
2009-08-04,119
2009-08-05,139
2009-08-06,122
2009-08-07,118
2009-08-08,95
2009-08-09,102
2009-08-10,123
2009-08-11,96
2009-08-12,121
2009-08-13,116
2009-08-14,107
2009-08-15,95
2009-08-16,118
2009-08-17,96
2009-08-18,106
2009-08-19,127
2009-08-20,109
2009-08-21,89
2009-08-22,112
2009-08-23,111
2009-08-24,120
2009-08-25,102
2009-08-26,119
2009-08-27,107
2009-08-28,122
2009-08-29,112
2009-08-30,96
2009-08-31,130
2009-09-01,104
2009-09-02,106
2009-09-03,106
2009-09-04,117
2009-09-05,100
2009-09-06,103
2009-09-07,101
2009-09-08,133
2009-09-09,116
2009-09-10,111
2009-09-11,105
2009-09-12,93
2009-09-13,78
2009-09-14,97
2009-09-15,111
2009-09-16,100
2009-09-17,89
2009-09-18,117
2009-09-19,103
2009-09-20,81
2009-09-21,90
2009-09-22,80
2009-09-23,113
2009-09-24,108
2009-09-25,98
2009-09-26,91
2009-09-27,93
2009-09-28,119
2009-09-29,121
2009-09-30,105
2009-10-01,93
2009-10-02,94
2009-10-03,90
2009-10-04,90
2009-10-05,108
2009-10-06,114
2009-10-07,101
2009-10-08,98
2009-10-09,109
2009-10-10,94
2009-10-11,111
2009-10-12,104
2009-10-13,105
2009-10-14,100
2009-10-15,85
2009-10-16,104
2009-10-17,92
2009-10-18,84
2009-10-19,103
2009-10-20,98
2009-10-21,113
2009-10-22,84
2009-10-23,104
2009-10-24,101
2009-10-25,106
2009-10-26,135
2009-10-27,114
2009-10-28,99
2009-10-29,110
2009-10-30,113
2009-10-31,95
2009-11-01,122
2009-11-02,104
2009-11-03,123
2009-11-04,121
2009-11-05,109
2009-11-06,112
2009-11-07,98
2009-11-08,96
2009-11-09,124
2009-11-10,115
2009-11-11,111
2009-11-12,128
2009-11-13,117
2009-11-14,111
2009-11-15,78
2009-11-16,109
2009-11-17,170
2009-11-18,109
2009-11-19,124
2009-11-20,144
2009-11-21,107
2009-11-22,80
2009-11-23,106
2009-11-24,114
2009-11-25,99
2009-11-26,59
2009-11-27,104
2009-11-28,104
2009-11-29,98
2009-11-30,139
2009-12-01,109
2009-12-02,131
2009-12-03,130
2009-12-04,137
2009-12-05,121
2009-12-06,114
2009-12-07,152
2009-12-08,124
2009-12-09,132
2009-12-10,109
2009-12-11,121
2009-12-12,81
2009-12-13,91
2009-12-14,125
2009-12-15,136
2009-12-16,111
2009-12-17,119
2009-12-18,98
2009-12-19,90
2009-12-20,87
2009-12-21,122
2009-12-22,131
2009-12-23,112
2009-12-24,84
2009-12-25,42
2009-12-26,80
2009-12-27,73
2009-12-28,112
2009-12-29,101
2009-12-30,126
2009-12-31,103
2010-01-01,91
2010-01-02,86
2010-01-03,93
2010-01-04,107
2010-01-05,108
2010-01-06,97
2010-01-07,97
2010-01-08,67
2010-01-09,72
2010-01-10,74
2010-01-11,95
2010-01-12,103
2010-01-13,109
2010-01-14,98
2010-01-15,84
2010-01-16,91
2010-01-17,79
2010-01-18,78
2010-01-19,110
2010-01-20,91
2010-01-21,86
2010-01-22,90
2010-01-23,101
2010-01-24,64
2010-01-25,115
2010-01-26,90
2010-01-27,89
2010-01-28,87
2010-01-29,74
2010-01-30,84
2010-01-31,70
2010-02-01,71
2010-02-02,88
2010-02-03,85
2010-02-04,76
2010-02-05,81
2010-02-06,79
2010-02-07,61
2010-02-08,75
2010-02-09,83
2010-02-10,70
2010-02-11,61
2010-02-12,62
2010-02-13,43
2010-02-14,64
2010-02-15,65
2010-02-16,48
2010-02-17,83
2010-02-18,67
2010-02-19,85
2010-02-20,56
2010-02-21,59
2010-02-22,77
2010-02-23,83
2010-02-24,74
2010-02-25,60
2010-02-26,86
2010-02-27,80
2010-02-28,72
2010-03-01,99
2010-03-02,85
2010-03-03,96
2010-03-04,80
2010-03-05,92
2010-03-06,70
2010-03-07,65
2010-03-08,80
2010-03-09,78
2010-03-10,74
2010-03-11,86
2010-03-12,100
2010-03-13,84
2010-03-14,67
2010-03-15,94
2010-03-16,84
2010-03-17,81
2010-03-18,87
2010-03-19,92
2010-03-20,74
2010-03-21,62
2010-03-22,100
2010-03-23,90
2010-03-24,108
2010-03-25,91
2010-03-26,99
2010-03-27,79
2010-03-28,73
2010-03-29,98
2010-03-30,94
2010-03-31,79
2010-04-01,86
2010-04-02,93
2010-04-03,91
2010-04-04,72
2010-04-05,108
2010-04-06,109
2010-04-07,110
2010-04-08,95
2010-04-09,87
2010-04-10,107
2010-04-11,87
2010-04-12,116
2010-04-13,100
2010-04-14,109
2010-04-15,98
2010-04-16,90
2010-04-17,115
2010-04-18,82
2010-04-19,108
2010-04-20,119
2010-04-21,115
2010-04-22,103
2010-04-23,93
2010-04-24,85
2010-04-25,92
2010-04-26,110
2010-04-27,115
2010-04-28,116
2010-04-29,100
2010-04-30,100
2010-05-01,109
2010-05-02,72
2010-05-03,83
2010-05-04,100
2010-05-05,67
2010-05-06,92
2010-05-07,110
2010-05-08,90
2010-05-09,62
2010-05-10,90
2010-05-11,111
2010-05-12,117
2010-05-13,101
2010-05-14,105
2010-05-15,112
2010-05-16,89
2010-05-17,124
2010-05-18,97
2010-05-19,128
2010-05-20,101
2010-05-21,105
2010-05-22,107
2010-05-23,90
2010-05-24,130
2010-05-25,119
2010-05-26,92
2010-05-27,138
2010-05-28,93
2010-05-29,97
2010-05-30,77
2010-05-31,87
2010-06-01,124
2010-06-02,108
2010-06-03,106
2010-06-04,111
2010-06-05,99
2010-06-06,78
2010-06-07,113
2010-06-08,109
2010-06-09,114
2010-06-10,107
2010-06-11,110
2010-06-12,89
2010-06-13,70
2010-06-14,114
2010-06-15,98
2010-06-16,93
2010-06-17,85
2010-06-18,95
2010-06-19,98
2010-06-20,91
2010-06-21,112
2010-06-22,127
2010-06-23,105
2010-06-24,112
2010-06-25,109
2010-06-26,115
2010-06-27,66
2010-06-28,116
2010-06-29,105
2010-06-30,118
2010-07-01,107
2010-07-02,109
2010-07-03,91
2010-07-04,75
2010-07-05,84
2010-07-06,125
2010-07-07,106
2010-07-08,95
2010-07-09,103
2010-07-10,83
2010-07-11,77
2010-07-12,125
2010-07-13,125
2010-07-14,117
2010-07-15,128
2010-07-16,109
2010-07-17,86
2010-07-18,75
2010-07-19,142
2010-07-20,125
2010-07-21,108
2010-07-22,102
2010-07-23,114
2010-07-24,111
2010-07-25,81
2010-07-26,123
2010-07-27,113
2010-07-28,125
2010-07-29,110
2010-07-30,104
2010-07-31,94
2010-08-01,85
2010-08-02,117
2010-08-03,122
2010-08-04,109
2010-08-05,86
2010-08-06,98
2010-08-07,109
2010-08-08,90
2010-08-09,110
2010-08-10,106
2010-08-11,75
2010-08-12,127
2010-08-13,98
2010-08-14,100
2010-08-15,93
2010-08-16,116
2010-08-17,114
2010-08-18,102
2010-08-19,99
2010-08-20,109
2010-08-21,107
2010-08-22,103
2010-08-23,132
2010-08-24,117
2010-08-25,96
2010-08-26,108
2010-08-27,117
2010-08-28,109
2010-08-29,72
2010-08-30,103
2010-08-31,117
2010-09-01,116
2010-09-02,94
2010-09-03,121
2010-09-04,106
2010-09-05,101
2010-09-06,95
2010-09-07,132
2010-09-08,115
2010-09-09,88
2010-09-10,97
2010-09-11,90
2010-09-12,92
2010-09-13,98
2010-09-14,118
2010-09-15,111
2010-09-16,101
2010-09-17,108
2010-09-18,100
2010-09-19,81
2010-09-20,106
2010-09-21,112
2010-09-22,70
2010-09-23,108
2010-09-24,109
2010-09-25,91
2010-09-26,79
2010-09-27,111
2010-09-28,107
2010-09-29,97
2010-09-30,111
2010-10-01,94
2010-10-02,95
2010-10-03,87
2010-10-04,94
2010-10-05,115
2010-10-06,92
2010-10-07,102
2010-10-08,83
2010-10-09,83
2010-10-10,85
2010-10-11,125
2010-10-12,136
2010-10-13,105
2010-10-14,128
2010-10-15,98
2010-10-16,95
2010-10-17,87
2010-10-18,128
2010-10-19,94
2010-10-20,118
2010-10-21,116
2010-10-22,125
2010-10-23,110
2010-10-24,107
2010-10-25,110
2010-10-26,122
2010-10-27,121
2010-10-28,113
2010-10-29,112
2010-10-30,87
2010-10-31,94
2010-11-01,122
2010-11-02,117
2010-11-03,101
2010-11-04,107
2010-11-05,103
2010-11-06,99
2010-11-07,64
2010-11-08,114
2010-11-09,115
2010-11-10,94
2010-11-11,106
2010-11-12,109
2010-11-13,92
2010-11-14,118
2010-11-15,117
2010-11-16,113
2010-11-17,121
2010-11-18,87
2010-11-19,120
2010-11-20,87
2010-11-21,86
2010-11-22,109
2010-11-23,134
2010-11-24,108
2010-11-25,66
2010-11-26,82
2010-11-27,89
2010-11-28,92
2010-11-29,138
2010-11-30,112
2010-12-01,114
2010-12-02,125
2010-12-03,108
2010-12-04,134
2010-12-05,96
2010-12-06,107
2010-12-07,103
2010-12-08,108
2010-12-09,96
2010-12-10,81
2010-12-11,86
2010-12-12,72
2010-12-13,80
2010-12-14,105
2010-12-15,94
2010-12-16,85
2010-12-17,111
2010-12-18,95
2010-12-19,67
2010-12-20,96
2010-12-21,101
2010-12-22,95
2010-12-23,111
2010-12-24,73
2010-12-25,56
2010-12-26,47
2010-12-27,93
2010-12-28,104
2010-12-29,92
2010-12-30,94
2010-12-31,87
2011-01-01,104
2011-01-02,68
2011-01-03,107
2011-01-04,118
2011-01-05,120
2011-01-06,105
2011-01-07,100
2011-01-08,103
2011-01-09,65
2011-01-10,24
2011-01-11,49
2011-01-12,54
2011-01-13,90
2011-01-14,81
2011-01-15,74
2011-01-16,74
2011-01-17,86
2011-01-18,112
2011-01-19,98
2011-01-20,87
2011-01-21,100
2011-01-22,64
2011-01-23,71
2011-01-24,91
2011-01-25,99
2011-01-26,84
2011-01-27,82
2011-01-28,87
2011-01-29,73
2011-01-30,76
2011-01-31,75
2011-02-01,69
2011-02-02,72
2011-02-03,74
2011-02-04,61
2011-02-05,71
2011-02-06,36
2011-02-07,56
2011-02-08,76
2011-02-09,83
2011-02-10,62
2011-02-11,62
2011-02-12,60
2011-02-13,54
2011-02-14,87
2011-02-15,64
2011-02-16,61
2011-02-17,72
2011-02-18,76
2011-02-19,78
2011-02-20,67
2011-02-21,86
2011-02-22,102
2011-02-23,64
2011-02-24,93
2011-02-25,98
2011-02-26,73
2011-02-27,90
2011-02-28,81
2011-03-01,79
2011-03-02,71
2011-03-03,95
2011-03-04,65
2011-03-05,76
2011-03-06,67
2011-03-07,90
2011-03-08,90
2011-03-09,79
2011-03-10,85
2011-03-11,82
2011-03-12,73
2011-03-13,70
2011-03-14,80
2011-03-15,84
2011-03-16,87
2011-03-17,66
2011-03-18,78
2011-03-19,90
2011-03-20,64
2011-03-21,89
2011-03-22,77
2011-03-23,81
2011-03-24,82
2011-03-25,79
2011-03-26,83
2011-03-27,80
2011-03-28,100
2011-03-29,106
2011-03-30,120
2011-03-31,114
2011-04-01,108
2011-04-02,77
2011-04-03,82
2011-04-04,99
2011-04-05,93
2011-04-06,116
2011-04-07,111
2011-04-08,114
2011-04-09,100
2011-04-10,77
2011-04-11,98
2011-04-12,96
2011-04-13,99
2011-04-14,103
2011-04-15,104
2011-04-16,104
2011-04-17,85
2011-04-18,96
2011-04-19,117
2011-04-20,106
2011-04-21,95
2011-04-22,101
2011-04-23,84
2011-04-24,63
2011-04-25,124
2011-04-26,122
2011-04-27,96
2011-04-28,101
2011-04-29,100
2011-04-30,87
2011-05-01,90
2011-05-02,112
2011-05-03,106
2011-05-04,98
2011-05-05,106
2011-05-06,90
2011-05-07,133
2011-05-08,74
2011-05-09,115
2011-05-10,119
2011-05-11,121
2011-05-12,112
2011-05-13,101
2011-05-14,88
2011-05-15,76
2011-05-16,106
2011-05-17,99
2011-05-18,109
2011-05-19,85
2011-05-20,105
2011-05-21,104
2011-05-22,102
2011-05-23,105
2011-05-24,117
2011-05-25,111
2011-05-26,97
2011-05-27,110
2011-05-28,94
2011-05-29,87
2011-05-30,80
2011-05-31,136
2011-06-01,99
2011-06-02,91
2011-06-03,96
2011-06-04,86
2011-06-05,79
2011-06-06,116
2011-06-07,98
2011-06-08,89
2011-06-09,110
2011-06-10,108
2011-06-11,79
2011-06-12,66
2011-06-13,105
2011-06-14,121
2011-06-15,107
2011-06-16,95
2011-06-17,131
2011-06-18,100
2011-06-19,87
2011-06-20,133
2011-06-21,93
2011-06-22,103
2011-06-23,126
2011-06-24,106
2011-06-25,101
2011-06-26,94
2011-06-27,106
2011-06-28,142
2011-06-29,122
2011-06-30,99
2011-07-01,98
2011-07-02,89
2011-07-03,105
2011-07-04,93
2011-07-05,121
2011-07-06,114
2011-07-07,119
2011-07-08,111
2011-07-09,88
2011-07-10,72
2011-07-11,137
2011-07-12,113
2011-07-13,119
2011-07-14,103
2011-07-15,101
2011-07-16,105
2011-07-17,98
2011-07-18,128
2011-07-19,102
2011-07-20,103
2011-07-21,118
2011-07-22,107
2011-07-23,119
2011-07-24,83
2011-07-25,132
2011-07-26,131
2011-07-27,123
2011-07-28,95
2011-07-29,108
2011-07-30,98
2011-07-31,118
2011-08-01,150
2011-08-02,122
2011-08-03,99
2011-08-04,117
2011-08-05,106
2011-08-06,81
2011-08-07,102
2011-08-08,127
2011-08-09,102
2011-08-10,100
2011-08-11,100
2011-08-12,108
2011-08-13,96
2011-08-14,74
2011-08-15,112
2011-08-16,93
2011-08-17,109
2011-08-18,102
2011-08-19,109
2011-08-20,101
2011-08-21,88
2011-08-22,121
2011-08-23,107
2011-08-24,124
2011-08-25,111
2011-08-26,109
2011-08-27,105
2011-08-28,83
2011-08-29,153
2011-08-30,94
2011-08-31,107
2011-09-01,106
2011-09-02,104
2011-09-03,110
2011-09-04,114
2011-09-05,70
2011-09-06,99
2011-09-07,91
2011-09-08,110
2011-09-09,89
2011-09-10,102
2011-09-11,80
2011-09-12,97
2011-09-13,89
2011-09-14,92
2011-09-15,101
2011-09-16,96
2011-09-17,93
2011-09-18,85
2011-09-19,106
2011-09-20,87
2011-09-21,85
2011-09-22,112
2011-09-23,115
2011-09-24,100
2011-09-25,85
2011-09-26,116
2011-09-27,115
2011-09-28,87
2011-09-29,93
2011-09-30,99
2011-10-01,74
2011-10-02,78
2011-10-03,102
2011-10-04,93
2011-10-05,89
2011-10-06,103
2011-10-07,108
2011-10-08,96
2011-10-09,102
2011-10-10,117
2011-10-11,98
2011-10-12,118
2011-10-13,104
2011-10-14,74
2011-10-15,100
2011-10-16,83
2011-10-17,110
2011-10-18,108
2011-10-19,108
2011-10-20,94
2011-10-21,91
2011-10-22,93
2011-10-23,94
2011-10-24,119
2011-10-25,99
2011-10-26,99
2011-10-27,107
2011-10-28,96
2011-10-29,86
2011-10-30,83
2011-10-31,125
2011-11-01,103
2011-11-02,95
2011-11-03,89
2011-11-04,94
2011-11-05,91
2011-11-06,84
2011-11-07,98
2011-11-08,93
2011-11-09,108
2011-11-10,111
2011-11-11,94
2011-11-12,98
2011-11-13,103
2011-11-14,92
2011-11-15,108
2011-11-16,117
2011-11-17,116
2011-11-18,95
2011-11-19,84
2011-11-20,76
2011-11-21,99
2011-11-22,90
2011-11-23,94
2011-11-24,64
2011-11-25,87
2011-11-26,125
2011-11-27,98
2011-11-28,99
2011-11-29,110
2011-11-30,92
2011-12-01,98
2011-12-02,71
2011-12-03,99
2011-12-04,83
2011-12-05,109
2011-12-06,103
2011-12-07,84
2011-12-08,99
2011-12-09,111
2011-12-10,86
2011-12-11,66
2011-12-12,103
2011-12-13,93
2011-12-14,106
2011-12-15,116
2011-12-16,108
2011-12-17,93
2011-12-18,73
2011-12-19,98
2011-12-20,103
2011-12-21,102
2011-12-22,86
2011-12-23,96
2011-12-24,87
2011-12-25,51
2011-12-26,73
2011-12-27,106
2011-12-28,90
2011-12-29,96
2011-12-30,86
2011-12-31,82
2012-01-01,75
2012-01-02,99
2012-01-03,98
2012-01-04,93
2012-01-05,97
2012-01-06,109
2012-01-07,75
2012-01-08,87
2012-01-09,102
2012-01-10,120
2012-01-11,100
2012-01-12,84
2012-01-13,93
2012-01-14,76
2012-01-15,75
2012-01-16,83
2012-01-17,102
2012-01-18,105
2012-01-19,77
2012-01-20,83
2012-01-21,84
2012-01-22,78
2012-01-23,93
2012-01-24,83
2012-01-25,87
2012-01-26,87
2012-01-27,80
2012-01-28,68
2012-01-29,58
2012-01-30,73
2012-01-31,101
2012-02-01,72
2012-02-02,78
2012-02-03,92
2012-02-04,47
2012-02-05,60
2012-02-06,70
2012-02-07,72
2012-02-08,57
2012-02-09,70
2012-02-10,82
2012-02-11,62
2012-02-12,58
2012-02-13,67
2012-02-14,64
2012-02-15,57
2012-02-16,75
2012-02-17,77
2012-02-18,77
2012-02-19,67
2012-02-20,86
2012-02-21,81
2012-02-22,89
2012-02-23,91
2012-02-24,83
2012-02-25,65
2012-02-26,57
2012-02-27,92
2012-02-28,54
2012-02-29,58
2012-03-01,78
2012-03-02,72
2012-03-03,64
2012-03-04,71
2012-03-05,79
2012-03-06,75
2012-03-07,75
2012-03-08,60
2012-03-09,80
2012-03-10,83
2012-03-11,60
2012-03-12,83
2012-03-13,76
2012-03-14,84
2012-03-15,78
2012-03-16,75
2012-03-17,83
2012-03-18,78
2012-03-19,101
2012-03-20,83
2012-03-21,97
2012-03-22,72
2012-03-23,88
2012-03-24,78
2012-03-25,85
2012-03-26,122
2012-03-27,91
2012-03-28,86
2012-03-29,81
2012-03-30,92
2012-03-31,77
2012-04-01,73
2012-04-02,96
2012-04-03,121
2012-04-04,79
2012-04-05,103
2012-04-06,96
2012-04-07,79
2012-04-08,56
2012-04-09,77
2012-04-10,81
2012-04-11,81
2012-04-12,89
2012-04-13,94
2012-04-14,104
2012-04-15,87
2012-04-16,79
2012-04-17,95
2012-04-18,81
2012-04-19,74
2012-04-20,99
2012-04-21,94
2012-04-22,91
2012-04-23,98
2012-04-24,99
2012-04-25,88
2012-04-26,86
2012-04-27,87
2012-04-28,90
2012-04-29,83
2012-04-30,98
2012-05-01,89
2012-05-02,90
2012-05-03,78
2012-05-04,83
2012-05-05,81
2012-05-06,79
2012-05-07,108
2012-05-08,94
2012-05-09,117
2012-05-10,91
2012-05-11,93
2012-05-12,96
2012-05-13,63
2012-05-14,104
2012-05-15,118
2012-05-16,118
2012-05-17,79
2012-05-18,108
2012-05-19,85
2012-05-20,82
2012-05-21,95
2012-05-22,115
2012-05-23,101
2012-05-24,114
2012-05-25,101
2012-05-26,81
2012-05-27,99
2012-05-28,95
2012-05-29,106
2012-05-30,118
2012-05-31,110
2012-06-01,88
2012-06-02,96
2012-06-03,109
2012-06-04,97
2012-06-05,100
2012-06-06,98
2012-06-07,122
2012-06-08,87
2012-06-09,98
2012-06-10,90
2012-06-11,123
2012-06-12,115
2012-06-13,83
2012-06-14,102
2012-06-15,105
2012-06-16,92
2012-06-17,110
2012-06-18,94
2012-06-19,110
2012-06-20,107
2012-06-21,98
2012-06-22,106
2012-06-23,106
2012-06-24,80
2012-06-25,137
2012-06-26,101
2012-06-27,94
2012-06-28,85
2012-06-29,108
2012-06-30,78
2012-07-01,76
2012-07-02,110
2012-07-03,90
2012-07-04,70
2012-07-05,98
2012-07-06,90
2012-07-07,77
2012-07-08,102
2012-07-09,97
2012-07-10,126
2012-07-11,94
2012-07-12,95
2012-07-13,89
2012-07-14,95
2012-07-15,83
2012-07-16,102
2012-07-17,112
2012-07-18,109
2012-07-19,109
2012-07-20,104
2012-07-21,97
2012-07-22,97
2012-07-23,119
2012-07-24,107
2012-07-25,95
2012-07-26,128
2012-07-27,97
2012-07-28,96
2012-07-29,98
2012-07-30,122
2012-07-31,103
2012-08-01,117
2012-08-02,93
2012-08-03,103
2012-08-04,98
2012-08-05,82
2012-08-06,121
2012-08-07,110
2012-08-08,93
2012-08-09,93
2012-08-10,112
2012-08-11,74
2012-08-12,77
2012-08-13,87
2012-08-14,88
2012-08-15,122
2012-08-16,96
2012-08-17,103
2012-08-18,100
2012-08-19,96
2012-08-20,101
2012-08-21,111
2012-08-22,102
2012-08-23,100
2012-08-24,90
2012-08-25,100
2012-08-26,94
2012-08-27,96
2012-08-28,87
2012-08-29,106
2012-08-30,111
2012-08-31,106
2012-09-01,84
2012-09-02,106
2012-09-03,83
2012-09-04,112
2012-09-05,92
2012-09-06,105
2012-09-07,102
2012-09-08,107
2012-09-09,83
2012-09-10,116
2012-09-11,86
2012-09-12,121
2012-09-13,102
2012-09-14,107
2012-09-15,90
2012-09-16,85
2012-09-17,78
2012-09-18,100
2012-09-19,88
2012-09-20,91
2012-09-21,97
2012-09-22,83
2012-09-23,81
2012-09-24,86
2012-09-25,85
2012-09-26,97
2012-09-27,97
2012-09-28,96
2012-09-29,94
2012-09-30,89
2012-10-01,87
2012-10-02,87
2012-10-03,73
2012-10-04,94
2012-10-05,103
2012-10-06,113
2012-10-07,92
2012-10-08,94
2012-10-09,87
2012-10-10,84
2012-10-11,97
2012-10-12,108
2012-10-13,109
2012-10-14,90
2012-10-15,110
2012-10-16,94
2012-10-17,94
2012-10-18,95
2012-10-19,78
2012-10-20,71
2012-10-21,75
2012-10-22,93
2012-10-23,104
2012-10-24,89
2012-10-25,104
2012-10-26,99
2012-10-27,85
2012-10-28,90
2012-10-29,90
2012-10-30,111
2012-10-31,92
2012-11-01,96
2012-11-02,93
2012-11-03,91
2012-11-04,91
2012-11-05,104
2012-11-06,94
2012-11-07,85
2012-11-08,102
2012-11-09,86
2012-11-10,78
2012-11-11,73
2012-11-12,108
2012-11-13,91
2012-11-14,106
2012-11-15,108
2012-11-16,93
2012-11-17,92
2012-11-18,74
2012-11-19,109
2012-11-20,103
2012-11-21,79
2012-11-22,46
2012-11-23,78
2012-11-24,80
2012-11-25,93
2012-11-26,98
2012-11-27,82
2012-11-28,89
2012-11-29,87
2012-11-30,86
2012-12-01,75
2012-12-02,82
2012-12-03,118
2012-12-04,83
2012-12-05,94
2012-12-06,88
2012-12-07,94
2012-12-08,81
2012-12-09,75
2012-12-10,103
2012-12-11,75
2012-12-12,94
2012-12-13,102
2012-12-14,101
2012-12-15,91
2012-12-16,60
2012-12-17,121
2012-12-18,117
2012-12-19,110
2012-12-20,102
2012-12-21,99
2012-12-22,84
2012-12-23,71
2012-12-24,110
2012-12-25,48
2012-12-26,89
2012-12-27,84
2012-12-28,106
2012-12-29,91
2012-12-30,101
2012-12-31,110
2013-01-01,92
2013-01-02,118
2013-01-03,80
2013-01-04,115
2013-01-05,94
2013-01-06,83
2013-01-07,103
2013-01-08,83
2013-01-09,86
2013-01-10,100
2013-01-11,90
2013-01-12,91
2013-01-13,94
2013-01-14,83
2013-01-15,95
2013-01-16,88
2013-01-17,106
2013-01-18,83
2013-01-19,101
2013-01-20,98
2013-01-21,99
2013-01-22,90
2013-01-23,102
2013-01-24,92
2013-01-25,85
2013-01-26,99
2013-01-27,88
2013-01-28,90
2013-01-29,91
2013-01-30,96
2013-01-31,91
2013-02-01,82
2013-02-02,70
2013-02-03,85
2013-02-04,90
2013-02-05,94
2013-02-06,69
2013-02-07,87
2013-02-08,70
2013-02-09,66
2013-02-10,57
2013-02-11,86
2013-02-12,78
2013-02-13,88
2013-02-14,78
2013-02-15,83
2013-02-16,66
2013-02-17,63
2013-02-18,81
2013-02-19,92
2013-02-20,66
2013-02-21,88
2013-02-22,81
2013-02-23,95
2013-02-24,66
2013-02-25,79
2013-02-26,77
2013-02-27,64
2013-02-28,96
2013-03-01,64
2013-03-02,73
2013-03-03,59
2013-03-04,79
2013-03-05,81
2013-03-06,64
2013-03-07,66
2013-03-08,75
2013-03-09,88
2013-03-10,75
2013-03-11,99
2013-03-12,87
2013-03-13,75
2013-03-14,85
2013-03-15,71
2013-03-16,84
2013-03-17,85
2013-03-18,66
2013-03-19,87
2013-03-20,83
2013-03-21,83
2013-03-22,86
2013-03-23,76
2013-03-24,81
2013-03-25,69
2013-03-26,78
2013-03-27,84
2013-03-28,70
2013-03-29,77
2013-03-30,104
2013-03-31,63
2013-04-01,87
2013-04-02,79
2013-04-03,83
2013-04-04,79
2013-04-05,73
2013-04-06,103
2013-04-07,72
2013-04-08,93
2013-04-09,95
2013-04-10,76
2013-04-11,88
2013-04-12,88
2013-04-13,101
2013-04-14,64
2013-04-15,72
2013-04-16,91
2013-04-17,98
2013-04-18,90
2013-04-19,72
2013-04-20,81
2013-04-21,79
2013-04-22,98
2013-04-23,98
2013-04-24,93
2013-04-25,108
2013-04-26,88
2013-04-27,100
2013-04-28,62
2013-04-29,91
2013-04-30,96
2013-05-01,100
2013-05-02,88
2013-05-03,106
2013-05-04,113
2013-05-05,84
2013-05-06,106
2013-05-07,105
2013-05-08,105
2013-05-09,96
2013-05-10,96
2013-05-11,80
2013-05-12,71
2013-05-13,121
2013-05-14,105
2013-05-15,112
2013-05-16,87
2013-05-17,103
2013-05-18,87
2013-05-19,85
2013-05-20,90
2013-05-21,80
2013-05-22,83
2013-05-23,102
2013-05-24,84
2013-05-25,95
2013-05-26,76
2013-05-27,94
2013-05-28,128
2013-05-29,93
2013-05-30,96
2013-05-31,108
2013-06-01,76
2013-06-02,69
2013-06-03,99
2013-06-04,104
2013-06-05,89
2013-06-06,98
2013-06-07,109
2013-06-08,107
2013-06-09,75
2013-06-10,114
2013-06-11,97
2013-06-12,90
2013-06-13,108
2013-06-14,80
2013-06-15,102
2013-06-16,112
2013-06-17,100
2013-06-18,92
2013-06-19,101
2013-06-20,106
2013-06-21,85
2013-06-22,78
2013-06-23,97
2013-06-24,111
2013-06-25,105
2013-06-26,105
2013-06-27,81
2013-06-28,112
2013-06-29,104
2013-06-30,81
2013-07-01,98
2013-07-02,101
2013-07-03,83
2013-07-04,54
2013-07-05,97
2013-07-06,75
2013-07-07,80
2013-07-08,108
2013-07-09,94
2013-07-10,95
2013-07-11,98
2013-07-12,105
2013-07-13,104
2013-07-14,96
2013-07-15,113
2013-07-16,97
2013-07-17,99
2013-07-18,93
2013-07-19,90
2013-07-20,102
2013-07-21,92
2013-07-22,119
2013-07-23,97
2013-07-24,120
2013-07-25,113
2013-07-26,90
2013-07-27,94
2013-07-28,78
2013-07-29,121
2013-07-30,119
2013-07-31,109
2013-08-01,91
2013-08-02,100
2013-08-03,102
2013-08-04,72
2013-08-05,107
2013-08-06,95
2013-08-07,86
2013-08-08,116
2013-08-09,108
2013-08-10,70
2013-08-11,75
2013-08-12,90
2013-08-13,86
2013-08-14,107
2013-08-15,93
2013-08-16,85
2013-08-17,83
2013-08-18,85
2013-08-19,86
2013-08-20,97
2013-08-21,91
2013-08-22,96
2013-08-23,87
2013-08-24,81
2013-08-25,94
2013-08-26,107
2013-08-27,108
2013-08-28,93
2013-08-29,85
2013-08-30,83
2013-08-31,94
2013-09-01,91
2013-09-02,107
2013-09-03,114
2013-09-04,94
2013-09-05,97
2013-09-06,84
2013-09-07,102
2013-09-08,89
2013-09-09,105
2013-09-10,107
2013-09-11,88
2013-09-12,97
2013-09-13,115
2013-09-14,81
2013-09-15,95
2013-09-16,100
2013-09-17,79
2013-09-18,73
2013-09-19,97
2013-09-20,96
2013-09-21,79
2013-09-22,91
2013-09-23,94
2013-09-24,93
2013-09-25,89
2013-09-26,98
2013-09-27,99
2013-09-28,111
2013-09-29,93
2013-09-30,98
2013-10-01,106
2013-10-02,75
2013-10-03,80
2013-10-04,89
2013-10-05,79
2013-10-06,64
2013-10-07,88
2013-10-08,92
2013-10-09,95
2013-10-10,73
2013-10-11,93
2013-10-12,96
2013-10-13,80
2013-10-14,92
2013-10-15,109
2013-10-16,75
2013-10-17,82
2013-10-18,89
2013-10-19,70
2013-10-20,66
2013-10-21,90
2013-10-22,85
2013-10-23,77
2013-10-24,87
2013-10-25,86
2013-10-26,84
2013-10-27,96
2013-10-28,101
2013-10-29,86
2013-10-30,102
2013-10-31,73
2013-11-01,94
2013-11-02,93
2013-11-03,55
2013-11-04,73
2013-11-05,91
2013-11-06,79
2013-11-07,90
2013-11-08,78
2013-11-09,68
2013-11-10,77
2013-11-11,95
2013-11-12,93
2013-11-13,67
2013-11-14,75
2013-11-15,79
2013-11-16,76
2013-11-17,80
2013-11-18,92
2013-11-19,74
2013-11-20,82
2013-11-21,92
2013-11-22,85
2013-11-23,76
2013-11-24,86
2013-11-25,95
2013-11-26,89
2013-11-27,79
2013-11-28,55
2013-11-29,78
2013-11-30,83
2013-12-01,101
2013-12-02,101
2013-12-03,76
2013-12-04,80
2013-12-05,81
2013-12-06,95
2013-12-07,90
2013-12-08,98
2013-12-09,88
2013-12-10,74
2013-12-11,77
2013-12-12,95
2013-12-13,88
2013-12-14,91
2013-12-15,94
2013-12-16,80
2013-12-17,83
2013-12-18,94
2013-12-19,76
2013-12-20,101
2013-12-21,91
2013-12-22,80
2013-12-23,112
2013-12-24,75
2013-12-25,43
2013-12-26,74
2013-12-27,76
2013-12-28,69
2013-12-29,74
2013-12-30,83
2013-12-31,83
2014-01-01,77
2014-01-02,96
2014-01-03,73
2014-01-04,70
2014-01-05,74
2014-01-06,79
2014-01-07,61
2014-01-08,82
2014-01-09,101
2014-01-10,86
2014-01-11,78
2014-01-12,66
2014-01-13,111
2014-01-14,88
2014-01-15,82
2014-01-16,82
2014-01-17,82
2014-01-18,78
2014-01-19,85
2014-01-20,92
2014-01-21,94
2014-01-22,67
2014-01-23,69
2014-01-24,58
2014-01-25,88
2014-01-26,96
2014-01-27,72
2014-01-28,51
2014-01-29,33
2014-01-30,60
2014-01-31,79
2014-02-01,88
2014-02-02,72
2014-02-03,101
2014-02-04,67
2014-02-05,84
2014-02-06,79
2014-02-07,83
2014-02-08,84
2014-02-09,63
2014-02-10,84
2014-02-11,55
2014-02-12,21
2014-02-13,54
2014-02-14,68
2014-02-15,74
2014-02-16,66
2014-02-17,70
2014-02-18,77
2014-02-19,71
2014-02-20,81
2014-02-21,73
2014-02-22,68
2014-02-23,70
2014-02-24,81
2014-02-25,73
2014-02-26,72
2014-02-27,43
2014-02-28,55
2014-03-01,67
2014-03-02,48
2014-03-03,63
2014-03-04,72
2014-03-05,77
2014-03-06,66
2014-03-07,48
2014-03-08,62
2014-03-09,67
2014-03-10,85
2014-03-11,64
2014-03-12,98
2014-03-13,75
2014-03-14,72
2014-03-15,69
2014-03-16,68
2014-03-17,69
2014-03-18,84
2014-03-19,80
2014-03-20,69
2014-03-21,75
2014-03-22,96
2014-03-23,60
2014-03-24,85
2014-03-25,74
2014-03-26,94
2014-03-27,80
2014-03-28,86
2014-03-29,71
2014-03-30,88
2014-03-31,76
2014-04-01,75
2014-04-02,81
2014-04-03,75
2014-04-04,75
2014-04-05,68
2014-04-06,74
2014-04-07,107
2014-04-08,90
2014-04-09,68
2014-04-10,101
2014-04-11,73
2014-04-12,76
2014-04-13,78
2014-04-14,85
2014-04-15,101
2014-04-16,73
2014-04-17,82
2014-04-18,94
2014-04-19,62
2014-04-20,70
2014-04-21,88
2014-04-22,89
2014-04-23,102
2014-04-24,70
2014-04-25,76
2014-04-26,99
2014-04-27,85
2014-04-28,87
2014-04-29,77
2014-04-30,86
2014-05-01,72
2014-05-02,65
2014-05-03,77
2014-05-04,78
2014-05-05,87
2014-05-06,83
2014-05-07,86
2014-05-08,86
2014-05-09,74
2014-05-10,93
2014-05-11,77
2014-05-12,93
2014-05-13,73
2014-05-14,96
2014-05-15,78
2014-05-16,78
2014-05-17,66
2014-05-18,64
2014-05-19,93
2014-05-20,78
2014-05-21,70
2014-05-22,74
2014-05-23,72
2014-05-24,89
2014-05-25,81
2014-05-26,68
2014-05-27,98
2014-05-28,85
2014-05-29,103
2014-05-30,76
2014-05-31,87
2014-06-01,69
2014-06-02,102
2014-06-03,83
2014-06-04,73
2014-06-05,78
2014-06-06,79
2014-06-07,97
2014-06-08,94
2014-06-09,116
2014-06-10,99
2014-06-11,91
2014-06-12,85
2014-06-13,100
2014-06-14,99
2014-06-15,105
2014-06-16,86
2014-06-17,104
2014-06-18,86
2014-06-19,100
2014-06-20,89
2014-06-21,82
2014-06-22,93
2014-06-23,89
2014-06-24,95
2014-06-25,74
2014-06-26,104
2014-06-27,76
2014-06-28,95
2014-06-29,81
2014-06-30,111
2014-07-01,102
2014-07-02,99
2014-07-03,88
2014-07-04,73
2014-07-05,75
2014-07-06,99
2014-07-07,105
2014-07-08,94
2014-07-09,84
2014-07-10,85
2014-07-11,96
2014-07-12,104
2014-07-13,100
2014-07-14,107
2014-07-15,121
2014-07-16,118
2014-07-17,78
2014-07-18,87
2014-07-19,86
2014-07-20,82
2014-07-21,99
2014-07-22,107
2014-07-23,86
2014-07-24,101
2014-07-25,94
2014-07-26,87
2014-07-27,87
2014-07-28,91
2014-07-29,75
2014-07-30,77
2014-07-31,95
2014-08-01,84
2014-08-02,97
2014-08-03,76
2014-08-04,100
2014-08-05,77
2014-08-06,83
2014-08-07,76
2014-08-08,75
2014-08-09,95
2014-08-10,73
2014-08-11,100
2014-08-12,97
2014-08-13,93
2014-08-14,98
2014-08-15,82
2014-08-16,76
2014-08-17,86
2014-08-18,95
2014-08-19,80
2014-08-20,98
2014-08-21,93
2014-08-22,103
2014-08-23,90
2014-08-24,75
2014-08-25,90
2014-08-26,105
2014-08-27,64
2014-08-28,92
2014-08-29,85
2014-08-30,85
2014-08-31,96
2014-09-01,86
2014-09-02,98
2014-09-03,84
2014-09-04,99
2014-09-05,69
2014-09-06,97
2014-09-07,85
2014-09-08,114
2014-09-09,94
2014-09-10,101
2014-09-11,84
2014-09-12,65
2014-09-13,78
2014-09-14,89
2014-09-15,86
2014-09-16,103
2014-09-17,68
2014-09-18,72
2014-09-19,80
2014-09-20,113
2014-09-21,100
2014-09-22,115
2014-09-23,80
2014-09-24,88
2014-09-25,88
2014-09-26,85
2014-09-27,83
2014-09-28,98
2014-09-29,91
2014-09-30,79
2014-10-01,84
2014-10-02,81
2014-10-03,88
2014-10-04,80
2014-10-05,66
2014-10-06,89
2014-10-07,90
2014-10-08,90
2014-10-09,91
2014-10-10,99
2014-10-11,96
2014-10-12,98
2014-10-13,116
2014-10-14,81
2014-10-15,94
2014-10-16,87
2014-10-17,69
2014-10-18,80
2014-10-19,80
2014-10-20,101
2014-10-21,93
2014-10-22,78
2014-10-23,80
2014-10-24,98
2014-10-25,81
2014-10-26,72
2014-10-27,104
2014-10-28,90
2014-10-29,96
2014-10-30,74
2014-10-31,80
2014-11-01,112
2014-11-02,84
2014-11-03,100
2014-11-04,96
2014-11-05,99
2014-11-06,95
2014-11-07,95
2014-11-08,127
2014-11-09,92
2014-11-10,100
2014-11-11,76
2014-11-12,107
2014-11-13,103
2014-11-14,75
2014-11-15,100
2014-11-16,86
2014-11-17,90
2014-11-18,104
2014-11-19,90
2014-11-20,93
2014-11-21,86
2014-11-22,104
2014-11-23,88
2014-11-24,109
2014-11-25,103
2014-11-26,89
2014-11-27,48
2014-11-28,90
2014-11-29,74
2014-11-30,90
2014-12-01,98
2014-12-02,103
2014-12-03,103
2014-12-04,87
2014-12-05,101
2014-12-06,117
2014-12-07,78
2014-12-08,97
2014-12-09,84
2014-12-10,97
2014-12-11,102
2014-12-12,110
2014-12-13,111
2014-12-14,82
2014-12-15,116
2014-12-16,135
2014-12-17,99
2014-12-18,88
2014-12-19,91
2014-12-20,90
2014-12-21,91
2014-12-22,108
2014-12-23,89
2014-12-24,88
2014-12-25,45
2014-12-26,81
2014-12-27,87
2014-12-28,98
2014-12-29,99
2014-12-30,95
2014-12-31,97
2015-01-01,65
2015-01-02,97
2015-01-03,71
2015-01-04,75
2015-01-05,109
2015-01-06,80
2015-01-07,73
2015-01-08,62
2015-01-09,81
2015-01-10,68
2015-01-11,77
2015-01-12,95
2015-01-13,89
2015-01-14,74
2015-01-15,97
2015-01-16,89
2015-01-17,85
2015-01-18,79
2015-01-19,84
2015-01-20,75
2015-01-21,99
2015-01-22,83
2015-01-23,59
2015-01-24,79
2015-01-25,81
2015-01-26,93
2015-01-27,78
2015-01-28,88
2015-01-29,87
2015-01-30,73
2015-01-31,78
2015-02-01,84
2015-02-02,86
2015-02-03,70
2015-02-04,86
2015-02-05,61
2015-02-06,68
2015-02-07,64
2015-02-08,73
2015-02-09,79
2015-02-10,93
2015-02-11,72
2015-02-12,77
2015-02-13,73
2015-02-14,66
2015-02-15,53
2015-02-16,53
2015-02-17,60
2015-02-18,55
2015-02-19,48
2015-02-20,66
2015-02-21,68
2015-02-22,50
2015-02-23,67
2015-02-24,71
2015-02-25,43
2015-02-26,60
2015-02-27,64
2015-02-28,85
2015-03-01,68
2015-03-02,69
2015-03-03,62
2015-03-04,81
2015-03-05,94
2015-03-06,80
2015-03-07,70
2015-03-08,75
2015-03-09,85
2015-03-10,69
2015-03-11,71
2015-03-12,61
2015-03-13,68
2015-03-14,81
2015-03-15,71
2015-03-16,87
2015-03-17,71
2015-03-18,76
2015-03-19,70
2015-03-20,64
2015-03-21,55
2015-03-22,85
2015-03-23,73
2015-03-24,96
2015-03-25,73
2015-03-26,62
2015-03-27,84
2015-03-28,79
2015-03-29,69
2015-03-30,82
2015-03-31,65
2015-04-01,85
2015-04-02,70
2015-04-03,71
2015-04-04,68
2015-04-05,59
2015-04-06,81
2015-04-07,63
2015-04-08,80
2015-04-09,85
2015-04-10,84
2015-04-11,74
2015-04-12,63
2015-04-13,83
2015-04-14,93
2015-04-15,74
2015-04-16,86
2015-04-17,71
2015-04-18,78
2015-04-19,57
2015-04-20,92
2015-04-21,67
2015-04-22,67
2015-04-23,65
2015-04-24,80
2015-04-25,95
2015-04-26,81
2015-04-27,78
2015-04-28,74
2015-04-29,54
2015-04-30,73
2015-05-01,71
2015-05-02,78
2015-05-03,89
2015-05-04,89
2015-05-05,90
2015-05-06,89
2015-05-07,96
2015-05-08,68
2015-05-09,79
2015-05-10,83
2015-05-11,94
2015-05-12,99
2015-05-13,97
2015-05-14,82
2015-05-15,76
2015-05-16,78
2015-05-17,89
2015-05-18,106
2015-05-19,94
2015-05-20,93
2015-05-21,90
2015-05-22,86
2015-05-23,84
2015-05-24,88
2015-05-25,95
2015-05-26,91
2015-05-27,83
2015-05-28,91
2015-05-29,80
2015-05-30,77
2015-05-31,88
2015-06-01,65
2015-06-02,66
2015-06-03,70
2015-06-04,85
2015-06-05,90
2015-06-06,107
2015-06-07,91
2015-06-08,97
2015-06-09,100
2015-06-10,82
2015-06-11,95
2015-06-12,91
2015-06-13,89
2015-06-14,83
2015-06-15,70
2015-06-16,110
2015-06-17,74
2015-06-18,73
2015-06-19,106
2015-06-20,84
2015-06-21,115
2015-06-22,81
2015-06-23,106
2015-06-24,90
2015-06-25,107
2015-06-26,114
2015-06-27,108
2015-06-28,98
2015-06-29,96
2015-06-30,92
2015-07-01,111
2015-07-02,111
2015-07-03,80
2015-07-04,66
2015-07-05,66
2015-07-06,105
2015-07-07,91
2015-07-08,77
2015-07-09,77
2015-07-10,71
2015-07-11,89
2015-07-12,69
2015-07-13,116
2015-07-14,106
2015-07-15,91
2015-07-16,98
2015-07-17,90
2015-07-18,98
2015-07-19,92
2015-07-20,97
2015-07-21,82
2015-07-22,88
2015-07-23,70
2015-07-24,74
2015-07-25,71
2015-07-26,75
2015-07-27,104
2015-07-28,83
2015-07-29,88
2015-07-30,87
2015-07-31,95
2015-08-01,85
2015-08-02,79
2015-08-03,98
2015-08-04,91
2015-08-05,72
2015-08-06,84
2015-08-07,82
2015-08-08,94
2015-08-09,77
2015-08-10,106
2015-08-11,81
2015-08-12,90
2015-08-13,73
2015-08-14,99
2015-08-15,86
2015-08-16,92
2015-08-17,103
2015-08-18,87
2015-08-19,85
2015-08-20,69
2015-08-21,81
2015-08-22,98
2015-08-23,92
2015-08-24,98
2015-08-25,106
2015-08-26,97
2015-08-27,93
2015-08-28,107
2015-08-29,90
2015-08-30,106
2015-08-31,94
2015-09-01,87
2015-09-02,73
2015-09-03,82
2015-09-04,80
2015-09-05,104
2015-09-06,89
2015-09-07,108
2015-09-08,131
2015-09-09,89
2015-09-10,90
2015-09-11,81
2015-09-12,90
2015-09-13,97
2015-09-14,90
2015-09-15,96
2015-09-16,87
2015-09-17,77
2015-09-18,86
2015-09-19,82
2015-09-20,86
2015-09-21,102
2015-09-22,83
2015-09-23,80
2015-09-24,76
2015-09-25,90
2015-09-26,81
2015-09-27,91
2015-09-28,99
2015-09-29,90
2015-09-30,97
2015-10-01,82
2015-10-02,80
2015-10-03,78
2015-10-04,72
2015-10-05,102
2015-10-06,70
2015-10-07,100
2015-10-08,93
2015-10-09,89
2015-10-10,110
2015-10-11,93
2015-10-12,99
2015-10-13,73
2015-10-14,84
2015-10-15,63
2015-10-16,51
2015-10-17,76
2015-10-18,91
2015-10-19,86
2015-10-20,87
2015-10-21,93
2015-10-22,95
2015-10-23,105
2015-10-24,121
2015-10-25,94
2015-10-26,87
2015-10-27,91
2015-10-28,77
2015-10-29,86
2015-10-30,79
2015-10-31,69
2015-11-01,86
2015-11-02,77
2015-11-03,88
2015-11-04,109
2015-11-05,91
2015-11-06,78
2015-11-07,96
2015-11-08,77
2015-11-09,92
2015-11-10,76
2015-11-11,70
2015-11-12,72
2015-11-13,87
2015-11-14,69
2015-11-15,62
2015-11-16,82
2015-11-17,91
2015-11-18,95
2015-11-19,57
2015-11-20,77
2015-11-21,75
2015-11-22,62
2015-11-23,90
2015-11-24,75
2015-11-25,66
2015-11-26,37
2015-11-27,95
2015-11-28,91
2015-11-29,67
2015-11-30,93
2015-12-01,89
2015-12-02,87
2015-12-03,84
2015-12-04,81
2015-12-05,78
2015-12-06,85
2015-12-07,82
2015-12-08,81
2015-12-09,69
2015-12-10,91
2015-12-11,88
2015-12-12,65
2015-12-13,87
2015-12-14,79
2015-12-15,90
2015-12-16,94
2015-12-17,88
2015-12-18,67
2015-12-19,71
2015-12-20,71
2015-12-21,88
2015-12-22,79
2015-12-23,76
2015-12-24,69
2015-12-25,48
2015-12-26,55
2015-12-27,64
2015-12-28,73
2015-12-29,83
2015-12-30,74
2015-12-31,92
2016-01-01,60
2016-01-02,82
2016-01-03,66
2016-01-04,82
2016-01-05,71
2016-01-06,79
2016-01-07,75
2016-01-08,74
2016-01-09,67
2016-01-10,68
2016-01-11,71
2016-01-12,77
2016-01-13,79
2016-01-14,84
2016-01-15,82
2016-01-16,74
2016-01-17,83
2016-01-18,82
2016-01-19,73
2016-01-20,68
2016-01-21,68
2016-01-22,67
2016-01-23,77
2016-01-24,64
2016-01-25,84
2016-01-26,75
2016-01-27,95
2016-01-28,77
2016-01-29,78
2016-01-30,90
2016-01-31,97
2016-02-01,79
2016-02-02,90
2016-02-03,72
2016-02-04,63
2016-02-05,75
2016-02-06,83
2016-02-07,87
2016-02-08,86
2016-02-09,57
2016-02-10,53
2016-02-11,63
2016-02-12,72
2016-02-13,78
2016-02-14,65
2016-02-15,62
2016-02-16,63
2016-02-17,60
2016-02-18,71
2016-02-19,75
2016-02-20,65
2016-02-21,60
2016-02-22,82
2016-02-23,63
2016-02-24,67
2016-02-25,78
2016-02-26,69
2016-02-27,52
2016-02-28,75
2016-02-29,64
2016-03-01,53
2016-03-02,52
2016-03-03,58
2016-03-04,59
2016-03-05,74
2016-03-06,64
2016-03-07,81
2016-03-08,81
2016-03-09,70
2016-03-10,77
2016-03-11,62
2016-03-12,81
2016-03-13,68
2016-03-14,79
2016-03-15,71
2016-03-16,79
2016-03-17,65
2016-03-18,61
2016-03-19,67
2016-03-20,80
2016-03-21,57
2016-03-22,68
2016-03-23,67
2016-03-24,61
2016-03-25,63
2016-03-26,67
2016-03-27,49
2016-03-28,71
2016-03-29,84
2016-03-30,70
2016-03-31,65
2016-04-01,87
2016-04-02,87
2016-04-03,66
2016-04-04,84
2016-04-05,100
2016-04-06,109
2016-04-07,81
2016-04-08,79
2016-04-09,68
2016-04-10,85
2016-04-11,73
2016-04-12,76
2016-04-13,64
2016-04-14,53
2016-04-15,64
2016-04-16,77
2016-04-17,60
2016-04-18,77
2016-04-19,69
2016-04-20,75
2016-04-21,73
2016-04-22,70
2016-04-23,81
2016-04-24,67
2016-04-25,68
2016-04-26,64
2016-04-27,80
2016-04-28,85
2016-04-29,67
2016-04-30,71
2016-05-01,73
2016-05-02,86
2016-05-03,91
2016-05-04,75
2016-05-05,62
2016-05-06,56
2016-05-07,78
2016-05-08,69
2016-05-09,89
2016-05-10,85
2016-05-11,80
2016-05-12,86
2016-05-13,97
2016-05-14,74
2016-05-15,104
2016-05-16,105
2016-05-17,76
2016-05-18,94
2016-05-19,85
2016-05-20,82
2016-05-21,100
2016-05-22,63
2016-05-23,91
2016-05-24,77
2016-05-25,71
2016-05-26,76
2016-05-27,77
2016-05-28,79
2016-05-29,55
2016-05-30,102
2016-05-31,113
2016-06-01,79
2016-06-02,66
2016-06-03,76
2016-06-04,78
2016-06-05,64
2016-06-06,79
2016-06-07,69
2016-06-08,89
2016-06-09,75
2016-06-10,55
2016-06-11,90
2016-06-12,76
2016-06-13,102
2016-06-14,69
2016-06-15,100
2016-06-16,104
2016-06-17,87
2016-06-18,73
2016-06-19,89
2016-06-20,82
2016-06-21,85
2016-06-22,96
2016-06-23,69
2016-06-24,79
2016-06-25,66
2016-06-26,74
2016-06-27,80
2016-06-28,69
2016-06-29,107
2016-06-30,84
2016-07-01,81
2016-07-02,68
2016-07-03,80
2016-07-04,67
2016-07-05,96
2016-07-06,74
2016-07-07,103
2016-07-08,85
2016-07-09,78
2016-07-10,69
2016-07-11,99
2016-07-12,78
2016-07-13,68
2016-07-14,80
2016-07-15,82
2016-07-16,64
2016-07-17,71
2016-07-18,87
2016-07-19,94
2016-07-20,76
2016-07-21,104
2016-07-22,75
2016-07-23,84
2016-07-24,92
2016-07-25,103
2016-07-26,82
2016-07-27,96
2016-07-28,103
2016-07-29,72
2016-07-30,86
2016-07-31,76
2016-08-01,111
2016-08-02,90
2016-08-03,101
2016-08-04,83
2016-08-05,81
2016-08-06,71
2016-08-07,75
2016-08-08,108
2016-08-09,82
2016-08-10,85
2016-08-11,78
2016-08-12,69
2016-08-13,96
2016-08-14,95
2016-08-15,84
2016-08-16,97
2016-08-17,75
2016-08-18,81
2016-08-19,108
2016-08-20,82
2016-08-21,90
2016-08-22,114
2016-08-23,100
2016-08-24,60
2016-08-25,71
2016-08-26,81
2016-08-27,100
2016-08-28,77
2016-08-29,96
2016-08-30,94
2016-08-31,73
2016-09-01,93
2016-09-02,74
2016-09-03,94
2016-09-04,79
2016-09-05,102
2016-09-06,101
2016-09-07,76
2016-09-08,72
2016-09-09,76
2016-09-10,101
2016-09-11,95
2016-09-12,104
2016-09-13,92
2016-09-14,101
2016-09-15,87
2016-09-16,92
2016-09-17,107
2016-09-18,114
2016-09-19,105
2016-09-20,80
2016-09-21,78
2016-09-22,91
2016-09-23,76
2016-09-24,83
2016-09-25,69
2016-09-26,76
2016-09-27,87
2016-09-28,79
2016-09-29,91
2016-09-30,76
2016-10-01,74
2016-10-02,100
2016-10-03,105
2016-10-04,84
2016-10-05,99
2016-10-06,97
2016-10-07,72
2016-10-08,94
2016-10-09,78
2016-10-10,105
2016-10-11,98
2016-10-12,88
2016-10-13,85
2016-10-14,59
2016-10-15,91
2016-10-16,81
2016-10-17,108
2016-10-18,85
2016-10-19,88
2016-10-20,90
2016-10-21,90
2016-10-22,74
2016-10-23,68
2016-10-24,90
2016-10-25,81
2016-10-26,80
2016-10-27,61
2016-10-28,75
2016-10-29,94
2016-10-30,71
2016-10-31,86
2016-11-01,85
2016-11-02,99
2016-11-03,83
2016-11-04,67
2016-11-05,72
2016-11-06,74
2016-11-07,70
2016-11-08,73
2016-11-09,72
2016-11-10,61
2016-11-11,73
2016-11-12,64
2016-11-13,85
2016-11-14,69
2016-11-15,76
2016-11-16,63
2016-11-17,64
2016-11-18,78
2016-11-19,84
2016-11-20,73
2016-11-21,87
2016-11-22,53
2016-11-23,67
2016-11-24,47
2016-11-25,66
2016-11-26,87
2016-11-27,60
2016-11-28,93
2016-11-29,86
2016-11-30,69
2016-12-01,73
2016-12-02,95
2016-12-03,82
2016-12-04,77
2016-12-05,75
2016-12-06,79
2016-12-07,94
2016-12-08,88
2016-12-09,88
2016-12-10,68
2016-12-11,77
2016-12-12,85
2016-12-13,86
2016-12-14,82
2016-12-15,84
2016-12-16,103
2016-12-17,73
2016-12-18,80
2016-12-19,103
2016-12-20,87
2016-12-21,84
2016-12-22,86
2016-12-23,88
2016-12-24,79
2016-12-25,45
2016-12-26,74
2016-12-27,79
2016-12-28,86
2016-12-29,65
2016-12-30,70
2016-12-31,80
2017-01-01,79
2017-01-02,78
2017-01-03,80
2017-01-04,74
2017-01-05,81
2017-01-06,52
2017-01-07,53
2017-01-08,65
2017-01-09,66
2017-01-10,74
2017-01-11,85
2017-01-12,57
2017-01-13,73
2017-01-14,66
2017-01-15,60
2017-01-16,92
2017-01-17,74
2017-01-18,73
2017-01-19,61
2017-01-20,65
2017-01-21,69
2017-01-22,71
2017-01-23,78
2017-01-24,74
2017-01-25,70
2017-01-26,59
2017-01-27,69
2017-01-28,72
2017-01-29,78
2017-01-30,74
2017-01-31,66
2017-02-01,60
2017-02-02,66
2017-02-03,71
2017-02-04,50
2017-02-05,64
2017-02-06,77
2017-02-07,67
2017-02-08,41
2017-02-09,75
2017-02-10,67
2017-02-11,55
2017-02-12,58
2017-02-13,84
2017-02-14,64
2017-02-15,70
2017-02-16,68
2017-02-17,68
2017-02-18,61
2017-02-19,65
2017-02-20,83
2017-02-21,67
2017-02-22,57
2017-02-23,55
2017-02-24,46
2017-02-25,63
2017-02-26,46
2017-02-27,66
2017-02-28,63
2017-03-01,57
2017-03-02,45
2017-03-03,47
2017-03-04,61
2017-03-05,47
2017-03-06,67
2017-03-07,61
2017-03-08,56
2017-03-09,43
2017-03-10,59
2017-03-11,59
2017-03-12,45
2017-03-13,53
2017-03-14,52
2017-03-15,46
2017-03-16,45
2017-03-17,54
2017-03-18,51
2017-03-19,45
2017-03-20,39
2017-03-21,38
2017-03-22,58
2017-03-23,58
2017-03-24,64
2017-03-25,57
2017-03-26,53
2017-03-27,66
2017-03-28,68
2017-03-29,49
2017-03-30,51
2017-03-31,61
2017-04-01,63
2017-04-02,48
2017-04-03,71
2017-04-04,64
2017-04-05,50
2017-04-06,72
2017-04-07,61
2017-04-08,64
2017-04-09,56
2017-04-10,73
2017-04-11,59
2017-04-12,78
2017-04-13,67
2017-04-14,73
2017-04-15,66
2017-04-16,70
2017-04-17,68
2017-04-18,62
2017-04-19,71
2017-04-20,79
2017-04-21,74
2017-04-22,66
2017-04-23,63
2017-04-24,71
2017-04-25,74
2017-04-26,76
2017-04-27,68
2017-04-28,69
2017-04-29,69
2017-04-30,72
2017-05-01,81
2017-05-02,67
2017-05-03,62
2017-05-04,82
2017-05-05,63
2017-05-06,84
2017-05-07,83
2017-05-08,87
2017-05-09,68
2017-05-10,62
2017-05-11,60
2017-05-12,61
2017-05-13,67
2017-05-14,68
2017-05-15,68
2017-05-16,79
2017-05-17,73
2017-05-18,79
2017-05-19,72
2017-05-20,77
2017-05-21,64
2017-05-22,83
2017-05-23,76
2017-05-24,79
2017-05-25,63
2017-05-26,72
2017-05-27,55
2017-05-28,69
2017-05-29,76
2017-05-30,84
2017-05-31,80
2017-06-01,64
2017-06-02,74
2017-06-03,70
2017-06-04,66
2017-06-05,70
2017-06-06,81
2017-06-07,82
2017-06-08,72
2017-06-09,55
2017-06-10,83
2017-06-11,78
2017-06-12,61
2017-06-13,80
2017-06-14,76
2017-06-15,83
2017-06-16,78
2017-06-17,66
2017-06-18,68
2017-06-19,85
2017-06-20,81
2017-06-21,83
2017-06-22,73
2017-06-23,79
2017-06-24,52
2017-06-25,74
2017-06-26,84
2017-06-27,90
2017-06-28,57
2017-06-29,69
2017-06-30,62
2017-07-01,59
2017-07-02,66
2017-07-03,79
2017-07-04,62
2017-07-05,76
2017-07-06,73
2017-07-07,57
2017-07-08,73
2017-07-09,62
2017-07-10,92
2017-07-11,84
2017-07-12,89
2017-07-13,74
2017-07-14,91
2017-07-15,79
2017-07-16,83
2017-07-17,89
2017-07-18,85
2017-07-19,90
2017-07-20,83
2017-07-21,60
2017-07-22,76
2017-07-23,64
2017-07-24,69
2017-07-25,81
2017-07-26,104
2017-07-27,92
2017-07-28,80
2017-07-29,82
2017-07-30,76
2017-07-31,71
2017-08-01,71
2017-08-02,71
2017-08-03,74
2017-08-04,64
2017-08-05,86
2017-08-06,52
2017-08-07,84
2017-08-08,58
2017-08-09,41
2017-08-10,90
2017-08-11,68
2017-08-12,70
2017-08-13,63
2017-08-14,92
2017-08-15,82
2017-08-16,73
2017-08-17,91
2017-08-18,74
2017-08-19,89
2017-08-20,99
2017-08-21,63
2017-08-22,71
2017-08-23,80
2017-08-24,64
2017-08-25,73
2017-08-26,91
2017-08-27,78
2017-08-28,77
2017-08-29,87
2017-08-30,62
2017-08-31,73
2017-09-01,65
2017-09-02,84
2017-09-03,72
2017-09-04,89
2017-09-05,95
2017-09-06,79
2017-09-07,78
2017-09-08,69
2017-09-09,70
2017-09-10,84
2017-09-11,47
2017-09-12,95
2017-09-13,91
2017-09-14,78
2017-09-15,61
2017-09-16,86
2017-09-17,66
2017-09-18,89
2017-09-19,89
2017-09-20,86
2017-09-21,100
2017-09-22,78
2017-09-23,86
2017-09-24,77
2017-09-25,95
2017-09-26,78
2017-09-27,64
2017-09-28,76
2017-09-29,67
2017-09-30,81
2017-10-01,70
2017-10-02,98
2017-10-03,70
2017-10-04,73
2017-10-05,59
2017-10-06,60
2017-10-07,96
2017-10-08,87
2017-10-09,91
2017-10-10,83
2017-10-11,87
2017-10-12,81
2017-10-13,75
2017-10-14,87
2017-10-15,71
2017-10-16,102
2017-10-17,76
2017-10-18,74
2017-10-19,64
2017-10-20,76
2017-10-21,94
2017-10-22,83
2017-10-23,80
2017-10-24,85
2017-10-25,89
2017-10-26,58
2017-10-27,73
2017-10-28,89
2017-10-29,91
2017-10-30,86
2017-10-31,79
2017-11-01,101
2017-11-02,87
2017-11-03,71
2017-11-04,74
2017-11-05,76
2017-11-06,92
2017-11-07,91
2017-11-08,87
2017-11-09,74
2017-11-10,78
2017-11-11,80
2017-11-12,72
2017-11-13,84
2017-11-14,73
2017-11-15,85
2017-11-16,70
2017-11-17,92
2017-11-18,87
2017-11-19,80
2017-11-20,73
2017-11-21,71
2017-11-22,68
2017-11-23,39
2017-11-24,88
2017-11-25,83
2017-11-26,73
2017-11-27,87
2017-11-28,100
2017-11-29,77
2017-11-30,80
2017-12-01,89
2017-12-02,76
2017-12-03,81
2017-12-04,78
2017-12-05,62
2017-12-06,73
2017-12-07,91
2017-12-08,71
2017-12-09,55
2017-12-10,80
2017-12-11,90
2017-12-12,95
2017-12-13,72
2017-12-14,92
2017-12-15,79
2017-12-16,70
2017-12-17,92
2017-12-18,76
2017-12-19,81
2017-12-20,80
2017-12-21,76
2017-12-22,100
2017-12-23,81
2017-12-24,65
2017-12-25,25
2017-12-26,72
2017-12-27,98
2017-12-28,72
2017-12-29,60
2017-12-30,63
2017-12-31,71
2018-01-01,67
2018-01-02,61
2018-01-03,63
2018-01-04,68
2018-01-05,58
2018-01-06,53
2018-01-07,54
2018-01-08,67
2018-01-09,94
2018-01-10,51
2018-01-11,81
2018-01-12,58
2018-01-13,67
2018-01-14,60
2018-01-15,67
2018-01-16,66
2018-01-17,28
2018-01-18,88
2018-01-19,74
2018-01-20,73
2018-01-21,61
2018-01-22,65
2018-01-23,85
2018-01-24,71
2018-01-25,76
2018-01-26,66
2018-01-27,62
2018-01-28,67
2018-01-29,82
2018-01-30,52
2018-01-31,48
2018-02-01,63
2018-02-02,66
2018-02-03,82
2018-02-04,58
2018-02-05,73
2018-02-06,63
2018-02-07,65
2018-02-08,78
2018-02-09,57
2018-02-10,71
2018-02-11,77
2018-02-12,76
2018-02-13,75
2018-02-14,63
2018-02-15,79
2018-02-16,68
2018-02-17,67
2018-02-18,74
2018-02-19,82
2018-02-20,72
2018-02-21,64
2018-02-22,75
2018-02-23,72
2018-02-24,71
2018-02-25,55
2018-02-26,79
2018-02-27,58
2018-02-28,45
2018-03-01,60
2018-03-02,49
2018-03-03,66
2018-03-04,56
2018-03-05,68
2018-03-06,63
2018-03-07,62
2018-03-08,57
2018-03-09,57
2018-03-10,51
2018-03-11,54
2018-03-12,84
2018-03-13,74
2018-03-14,62
2018-03-15,58
2018-03-16,43
2018-03-17,51
2018-03-18,53
2018-03-19,72
2018-03-20,44
2018-03-21,46
2018-03-22,59
2018-03-23,66
2018-03-24,55
2018-03-25,50
2018-03-26,67
2018-03-27,58
2018-03-28,55
2018-03-29,76
2018-03-30,72
2018-03-31,60
2018-04-01,64
2018-04-02,56
2018-04-03,58
2018-04-04,74
2018-04-05,63
2018-04-06,85
2018-04-07,75
2018-04-08,51
2018-04-09,74
2018-04-10,57
2018-04-11,62
2018-04-12,59
2018-04-13,67
2018-04-14,63
2018-04-15,72
2018-04-16,82
2018-04-17,63
2018-04-18,61
2018-04-19,66
2018-04-20,57
2018-04-21,65
2018-04-22,51
2018-04-23,83
2018-04-24,79
2018-04-25,66
2018-04-26,58
2018-04-27,63
2018-04-28,73
2018-04-29,58
2018-04-30,64
2018-05-01,80
2018-05-02,63
2018-05-03,74
2018-05-04,62
2018-05-05,82
2018-05-06,74
2018-05-07,92
2018-05-08,69
2018-05-09,66
2018-05-10,73
2018-05-11,64
2018-05-12,63
2018-05-13,77
2018-05-14,72
2018-05-15,73
2018-05-16,68
2018-05-17,80
2018-05-18,79
2018-05-19,86
2018-05-20,77
2018-05-21,74
2018-05-22,67
2018-05-23,63
2018-05-24,72
2018-05-25,73
2018-05-26,63
2018-05-27,66
2018-05-28,86
2018-05-29,86
2018-05-30,84
2018-05-31,70
2018-06-01,68
2018-06-02,70
2018-06-03,75
2018-06-04,73
2018-06-05,60
2018-06-06,79
2018-06-07,70
2018-06-08,74
2018-06-09,82
2018-06-10,66
2018-06-11,91
2018-06-12,72
2018-06-13,69
2018-06-14,85
2018-06-15,70
2018-06-16,76
2018-06-17,71
2018-06-18,65
2018-06-19,65
2018-06-20,65
2018-06-21,74
2018-06-22,62
2018-06-23,77
2018-06-24,71
2018-06-25,97
2018-06-26,80
2018-06-27,68
2018-06-28,65
2018-06-29,83
2018-06-30,64
2018-07-01,81
2018-07-02,78
2018-07-03,91
2018-07-04,57
2018-07-05,81
2018-07-06,90
2018-07-07,84
2018-07-08,68
2018-07-09,105
2018-07-10,68
2018-07-11,62
2018-07-12,85
2018-07-13,76
2018-07-14,76
2018-07-15,91
2018-07-16,77
2018-07-17,72
2018-07-18,73
2018-07-19,81
2018-07-20,72
2018-07-21,56
2018-07-22,69
2018-07-23,67
2018-07-24,63
2018-07-25,81
2018-07-26,84
2018-07-27,73
2018-07-28,68
2018-07-29,75
2018-07-30,87
2018-07-31,66
2018-08-01,56
2018-08-02,61
2018-08-03,66
2018-08-04,66
2018-08-05,68
2018-08-06,76
2018-08-07,72
2018-08-08,56
2018-08-09,62
2018-08-10,81
2018-08-11,69
2018-08-12,71
2018-08-13,86
2018-08-14,63
2018-08-15,57
2018-08-16,77
2018-08-17,57
2018-08-18,77
2018-08-19,76
2018-08-20,81
2018-08-21,75
2018-08-22,80
2018-08-23,76
2018-08-24,76
2018-08-25,68
2018-08-26,64
2018-08-27,74
2018-08-28,74
2018-08-29,69
2018-08-30,67
2018-08-31,52
2018-09-01,58
2018-09-02,79
2018-09-03,66
2018-09-04,89
2018-09-05,60
2018-09-06,94
2018-09-07,69
2018-09-08,69
2018-09-09,63
2018-09-10,79
2018-09-11,69
2018-09-12,71
2018-09-13,57
2018-09-14,57
2018-09-15,77
2018-09-16,72
2018-09-17,66
2018-09-18,76
2018-09-19,71
2018-09-20,58
2018-09-21,79
2018-09-22,67
2018-09-23,67
2018-09-24,85
2018-09-25,73
2018-09-26,74
2018-09-27,65
2018-09-28,72
2018-09-29,77
2018-09-30,61
2018-10-01,80
2018-10-02,68
2018-10-03,74
2018-10-04,60
2018-10-05,66
2018-10-06,58
2018-10-07,55
2018-10-08,80
2018-10-09,58
2018-10-10,66
2018-10-11,54
2018-10-12,68
2018-10-13,73
2018-10-14,68
2018-10-15,63
2018-10-16,71
2018-10-17,78
2018-10-18,68
2018-10-19,70
2018-10-20,66
2018-10-21,61
2018-10-22,82
2018-10-23,86
2018-10-24,69
2018-10-25,67
2018-10-26,67
2018-10-27,95
2018-10-28,63
2018-10-29,82
2018-10-30,85
2018-10-31,77
2018-11-01,76
2018-11-02,68
2018-11-03,65
2018-11-04,56
2018-11-05,67
2018-11-06,79
2018-11-07,71
2018-11-08,65
2018-11-09,75
2018-11-10,73
2018-11-11,57
2018-11-12,74
2018-11-13,68
2018-11-14,80
2018-11-15,67
2018-11-16,69
2018-11-17,74
2018-11-18,73
2018-11-19,86
2018-11-20,78
2018-11-21,72
2018-11-22,38
2018-11-23,70
2018-11-24,64
2018-11-25,73
2018-11-26,84
2018-11-27,89
2018-11-28,85
2018-11-29,69
2018-11-30,88
2018-12-01,84
2018-12-02,92
2018-12-03,98
2018-12-04,81
2018-12-05,52
2018-12-06,68
2018-12-07,89
2018-12-08,72
2018-12-09,49
2018-12-10,79
2018-12-11,83
2018-12-12,78
2018-12-13,84
2018-12-14,111
2018-12-15,84
2018-12-16,85
2018-12-17,77
2018-12-18,86
2018-12-19,84
2018-12-20,81
2018-12-21,92
2018-12-22,61
2018-12-23,73
2018-12-24,96
2018-12-25,37
2018-12-26,66
2018-12-27,77
2018-12-28,85
2018-12-29,68
2018-12-30,73
2018-12-31,78
2019-01-01,61
2019-01-02,74
2019-01-03,60
2019-01-04,81
2019-01-05,71
2019-01-06,42
2019-01-07,74
2019-01-08,69
2019-01-09,94
2019-01-10,72
2019-01-11,71
2019-01-12,73
2019-01-13,58
2019-01-14,92
2019-01-15,70
2019-01-16,60
2019-01-17,77
2019-01-18,74
2019-01-19,62
2019-01-20,59
2019-01-21,80
2019-01-22,85
2019-01-23,65
2019-01-24,55
2019-01-25,55
2019-01-26,53
2019-01-27,52
2019-01-28,59
2019-01-29,52
2019-01-30,71
2019-01-31,61
2019-02-01,57
2019-02-02,70
2019-02-03,71
2019-02-04,69
2019-02-05,78
2019-02-06,52
2019-02-07,45
2019-02-08,44
2019-02-09,62
2019-02-10,52
2019-02-11,65
2019-02-12,54
2019-02-13,68
2019-02-14,64
2019-02-15,64
2019-02-16,57
2019-02-17,49
2019-02-18,66
2019-02-19,43
2019-02-20,44
2019-02-21,56
2019-02-22,66
2019-02-23,57
2019-02-24,65
2019-02-25,59
2019-02-26,51
2019-02-27,58
2019-02-28,56
2019-03-01,37
2019-03-02,54
2019-03-03,43
2019-03-04,49
2019-03-05,50
2019-03-06,41
2019-03-07,39
2019-03-08,55
2019-03-09,53
2019-03-10,43
2019-03-11,53
2019-03-12,57
2019-03-13,44
2019-03-14,48
2019-03-15,54
2019-03-16,51
2019-03-17,37
2019-03-18,52
2019-03-19,47
2019-03-20,54
2019-03-21,48
2019-03-22,60
2019-03-23,51
2019-03-24,61
2019-03-25,50
2019-03-26,66
2019-03-27,61
2019-03-28,63
2019-03-29,64
2019-03-30,56
2019-03-31,66
2019-04-01,54
2019-04-02,71
2019-04-03,59
2019-04-04,75
2019-04-05,46
2019-04-06,77
2019-04-07,45
2019-04-08,54
2019-04-09,61
2019-04-10,58
2019-04-11,48
2019-04-12,46
2019-04-13,62
2019-04-14,54
2019-04-15,62
2019-04-16,63
2019-04-17,53
2019-04-18,70
2019-04-19,61
2019-04-20,61
2019-04-21,48
2019-04-22,69
2019-04-23,65
2019-04-24,57
2019-04-25,77
2019-04-26,65
2019-04-27,69
2019-04-28,66
2019-04-29,78
2019-04-30,67
2019-05-01,76
2019-05-02,61
2019-05-03,76
2019-05-04,53
2019-05-05,84
2019-05-06,91
2019-05-07,55
2019-05-08,75
2019-05-09,78
2019-05-10,61
2019-05-11,73
2019-05-12,61
2019-05-13,116
2019-05-14,72
2019-05-15,78
2019-05-16,60
2019-05-17,84
2019-05-18,76
2019-05-19,68
2019-05-20,84
2019-05-21,78
2019-05-22,86
2019-05-23,72
2019-05-24,56
2019-05-25,73
2019-05-26,70
2019-05-27,70
2019-05-28,84
2019-05-29,94
2019-05-30,83
2019-05-31,76
2019-06-01,69
2019-06-02,60
2019-06-03,72
2019-06-04,75
2019-06-05,70
2019-06-06,66
2019-06-07,58
2019-06-08,56
2019-06-09,78
2019-06-10,81
2019-06-11,64
2019-06-12,72
2019-06-13,79
2019-06-14,66
2019-06-15,74
2019-06-16,85
2019-06-17,77
2019-06-18,66
2019-06-19,86
2019-06-20,66
2019-06-21,82
2019-06-22,63
2019-06-23,78
2019-06-24,84
2019-06-25,83
2019-06-26,85
2019-06-27,75
2019-06-28,56
2019-06-29,61
2019-06-30,61
2019-07-01,84
2019-07-02,52
2019-07-03,70
2019-07-04,54
2019-07-05,69
2019-07-06,62
2019-07-07,81
2019-07-08,90
2019-07-09,92
2019-07-10,91
2019-07-11,79
2019-07-12,73
2019-07-13,66
2019-07-14,60
2019-07-15,85
2019-07-16,86
2019-07-17,84
2019-07-18,68
2019-07-19,80
2019-07-20,62
2019-07-21,67
2019-07-22,101
2019-07-23,60
2019-07-24,73
2019-07-25,64
2019-07-26,82
2019-07-27,88
2019-07-28,80
2019-07-29,94
2019-07-30,76
2019-07-31,88
2019-08-01,60
2019-08-02,68
2019-08-03,77
2019-08-04,82
2019-08-05,69
2019-08-06,74
2019-08-07,84
2019-08-08,77
2019-08-09,82
2019-08-10,61
2019-08-11,75
2019-08-12,71
2019-08-13,82
2019-08-14,75
2019-08-15,80
2019-08-16,78
2019-08-17,78
2019-08-18,68
2019-08-19,80
2019-08-20,63
2019-08-21,62
2019-08-22,59
2019-08-23,60
2019-08-24,83
2019-08-25,61
2019-08-26,76
2019-08-27,64
2019-08-28,74
2019-08-29,67
2019-08-30,64
2019-08-31,67
2019-09-01,65
2019-09-02,64
2019-09-03,68
2019-09-04,63
2019-09-05,76
2019-09-06,89
2019-09-07,65
2019-09-08,65
2019-09-09,73
2019-09-10,49
2019-09-11,79
2019-09-12,85
2019-09-13,63
2019-09-14,64
2019-09-15,65
2019-09-16,78
2019-09-17,65
2019-09-18,75
2019-09-19,60
2019-09-20,73
2019-09-21,87
2019-09-22,90
2019-09-23,90
2019-09-24,81
2019-09-25,69
2019-09-26,79
2019-09-27,79
2019-09-28,73
2019-09-29,69
2019-09-30,80
2019-10-01,62
2019-10-02,77
2019-10-03,70
2019-10-04,61
2019-10-05,69
2019-10-06,69
2019-10-07,97
2019-10-08,62
2019-10-09,71
2019-10-10,79
2019-10-11,84
2019-10-12,78
2019-10-13,75
2019-10-14,82
2019-10-15,79
2019-10-16,73
2019-10-17,66
2019-10-18,80
2019-10-19,56
2019-10-20,55
2019-10-21,72
2019-10-22,61
2019-10-23,72
2019-10-24,61
2019-10-25,67
2019-10-26,80
2019-10-27,63
2019-10-28,79
2019-10-29,76
2019-10-30,71
2019-10-31,63
2019-11-01,81
2019-11-02,87
2019-11-03,62
2019-11-04,88
2019-11-05,73
2019-11-06,69
2019-11-07,57
2019-11-08,67
2019-11-09,57
2019-11-10,61
2019-11-11,73
2019-11-12,79
2019-11-13,54
2019-11-14,68
2019-11-15,70
2019-11-16,65
2019-11-17,76
2019-11-18,75
2019-11-19,70
2019-11-20,88
2019-11-21,79
2019-11-22,65
2019-11-23,67
2019-11-24,68
2019-11-25,88
2019-11-26,62
2019-11-27,70
2019-11-28,36
2019-11-29,80
2019-11-30,82
2019-12-01,72
2019-12-02,85
2019-12-03,71
2019-12-04,76
2019-12-05,87
2019-12-06,84
2019-12-07,78
2019-12-08,84
2019-12-09,88
2019-12-10,82
2019-12-11,76
2019-12-12,67
2019-12-13,68
2019-12-14,81
2019-12-15,85
2019-12-16,96
2019-12-17,73
2019-12-18,68
2019-12-19,61
2019-12-20,60
2019-12-21,66
2019-12-22,55
2019-12-23,73
2019-12-24,81
2019-12-25,36
2019-12-26,79
2019-12-27,59
2019-12-28,68
2019-12-29,74
2019-12-30,102
2019-12-31,61
